{
  "f1_adj": {
    "F": NaN,
    "p": NaN
  },
  "f1_adj_mean": {
    "F": NaN,
    "p": NaN
  },
  "f1_adj_mean_extra": {
    "F": 0.5,
    "p": 0.7071067811865477
  },
  "f1_adj_var": {
    "F": 0.25000000000000006,
    "p": 0.8164965809277263
  },
  "f1_adj_var_extra": {
    "F": Infinity,
    "p": 0.0
  },
  "f1_attr_comb": {
    "F": Infinity,
    "p": 0.0
  },
  "f1_attr_comb_extra": {
    "F": Infinity,
    "p": 0.0
  },
  "f1_attr_extremes": {
    "F": Infinity,
    "p": 0.0
  },
  "f1_attr_extremes_extra": {
    "F": Infinity,
    "p": 0.0
  },
  "accuracy_classification": {
    "F": 0.25,
    "p": 0.8164965809277263
  },
  "accuracy_classification_extra": {
    "F": Infinity,
    "p": 0.0
  },
  "accuracy_cluster_mean": {
    "F": NaN,
    "p": NaN
  },
  "accuracy_cluster_mean_extra": {
    "F": NaN,
    "p": NaN
  },
  "accuracy_cluster_var": {
    "F": 0.25,
    "p": 0.8164965809277263
  },
  "accuracy_cluster_var_extra": {
    "F": Infinity,
    "p": 0.0
  },
  "accuracy_path_mean": {
    "F": 0.5,
    "p": 0.7071067811865477
  },
  "accuracy_path_mean_extra": {
    "F": Infinity,
    "p": 0.0
  },
  "accuracy_path_var": {
    "F": NaN,
    "p": NaN
  },
  "accuracy_path_var_extra": {
    "F": NaN,
    "p": NaN
  },
  "time_adj": {
    "F": 60.55795451224304,
    "p": 0.09049276883585022
  },
  "time_adj_mean": {
    "F": 5.2601792270179635,
    "p": 0.29462324181086225
  },
  "time_adj_mean_extra": {
    "F": 0.20884489590665548,
    "p": 0.839864827451433
  },
  "time_adj_var": {
    "F": 0.39600396223315953,
    "p": 0.7470162291324328
  },
  "time_adj_var_extra": {
    "F": 1.3196514147213017,
    "p": 0.5241926201688762
  },
  "time_attr_comb": {
    "F": 0.37398345719218834,
    "p": 0.7563684342104827
  },
  "time_attr_comb_extra": {
    "F": 0.21258149006176977,
    "p": 0.8376599155261393
  },
  "time_attr_extremes": {
    "F": 3.85770364675404,
    "p": 0.33873194526332784
  },
  "time_attr_extremes_extra": {
    "F": 0.7504458446353635,
    "p": 0.6323427714345792
  },
  "time_classification": {
    "F": 0.2815375507400852,
    "p": 0.7998528146501567
  },
  "time_classification_extra": {
    "F": 0.3180663054561391,
    "p": 0.7817911494237163
  },
  "time_cluster_mean": {
    "F": 0.4098090076691246,
    "p": 0.7413271162346297
  },
  "time_cluster_mean_extra": {
    "F": 45.991998437801726,
    "p": 0.10370409238105911
  },
  "time_cluster_var": {
    "F": 0.3412237871833142,
    "p": 0.7709553558253355
  },
  "time_cluster_var_extra": {
    "F": 0.06454649492610233,
    "p": 0.9410986371306724
  },
  "time_path_mean": {
    "F": 5.1346343279777455,
    "p": 0.29788739992671526
  },
  "time_path_mean_extra": {
    "F": 0.24515527127748146,
    "p": 0.8191465625950494
  },
  "time_path_var": {
    "F": 0.21540534328609268,
    "p": 0.8360050722242939
  },
  "time_path_var_extra": {
    "F": 12.375745929629394,
    "p": 0.19706014724941748
  },
  "time_path_estimation": {
    "F": 0.2348164933894705,
    "p": 0.8248890798277224
  },
  "time_path_estimation_extra": {
    "F": 6.298082756323921,
    "p": 0.2712013072473445
  }
}